SKU,Name,Date,Price
M7531,A-CARE SUPTLI,9/9/99,49.00
M8639,APPLE VGA DISPLAY ADAPTER,11/2/01,17.10
M8706,"THIN FIREWIRE CABLE, 4-6 PIN, 1.8M",8/27/02,26.00
M8707,"THIN FIREWIRE CABLE, 6-6 PIN, 1.8M",8/27/02,17.10
M8708,"THIN FIREWIRE CABLE, 6-6 PIN, 0.5M",8/27/02,12.60
M8754,DVI TO VGA DISPLAY ADAPTER,4/30/02,17.10
M9109,VIDEO ADAPTER KIT,2/4/03,17.10
M9114,APPLECARE,1/6/04,839.00
M9267,APPLE DVI TO VIDEO ADAPTER KIT,6/23/03,17.10
M9319,VID ADPT MINI-DVI TO VIDEO ADAPTER,9/16/03,17.10
M9320,VID ADPT MINI-DVI TO VGA ADAPTER,9/16/03,17.10
M9573,EXPRESS STEREO CONNECTION KIT,6/7/04,35.00
M9649,VESA MOUNT KIT-GEN,6/28/04,26.00
MA125,IPOD UNIVERSAL DOCK ADAPTER 3PK [9],10/12/05,8.00
MA126,IPOD UNIVERSAL DOCK ADAPTER 3PK [10],10/12/05,8.00
MA256,MAC MINI 85W POWER ADAPTER (POWERPC),12/1/05,44.00
MA348,Rechargeable Battery - 15-inch MacBook Pro,1/10/06,116.00
MA458,Rechargeable Battery - 17-inch MacBook Pro,4/24/06,116.00
MA461,28B COPPER FIBRE CHANNEL CABLE KIT,2/13/07,89.00
MA561,Rechargeable Battery - 13-inch MacBook (White),5/16/06,116.00
MA566,Rechargeable Battery - 13-inch MacBook (Black),5/16/06,116.00
MA593,IPOD UNIVERSAL DOCK ADAPTER 3-PK,9/12/06,9.00
MA694,Apple iPod shuffle Dock,9/12/06,29.00
MA854,Apple iPhone TTY Adapter,10/13/08,19.00
MB126,IPOD UNIVERSAL DOCK ADPTR 3PK,9/5/07,9.00
MB127,IPOD UNIVERSAL DOCK ADPTR 3PK,9/5/07,9.00
MB130,IPOD NANO ARMBAND,9/5/07,29.00
MB195,300GB SAS 3GB/S HD FOR MAC PRO,4/28/08,584.00
MB202,APPLE MICRO-DVI TO VIDEO ADAPTER,1/15/08,19.00
MB203,APPLE MICRO-DVI TO VGA ADAPTER,1/15/08,19.00
MB204,APPLE MICRO-DVI TO DVI ADAPTER,1/15/08,19.00
MB568,IPOD UNIVERSAL DOCK ADAPTER 3-PACK,9/9/08,9.00
MB569,IPOD UNIVERSAL DOCK ADAPTER 3-PACK,9/9/08,9.00
MB570,MINI DISPLAYPORT TO DVI ADAPTER,10/14/08,29.00
MB571,Mini DisplayPort to Dual-Link DVI Adapter,6/9/15,99.00
MB572,MINI DISPLAYPORT TO VGA ADAPTER,10/14/08,29.00
MB769,IPOD NANO ARMBAND,9/9/08,29.00
MB771,Rechargeable Battery - 13-inch MacBook (aluminium),10/14/08,116.00
MB772,Rechargeable Battery - 15-inch MacBook Pro (aluminium),10/14/08,116.00
MB829,APPLE MAGIC MOUSE,10/20/09,69.00
MB842,DUAL-CHANNEL 4GB FIBRE CHANNEL CARD,3/3/09,539.00
MB843,QUAD-CHANNEL 4GB FIBRE CHANNEL CARD,3/3/09,899.00
MB845,MAC PRO RAID CARD,3/3/09,629.00
MB980,1GB 1066MHZ DDR3 ECC 1X1GB,6/11/12,50.00
MB981,2GB 1066MHZ DDR3 ECC 1X2GB,6/11/12,75.00
MB982,4GB 1066MHz DDR3 ECC 1x4GB,6/11/12,150.00
MB983,APPLE HARD DRIVE FOR MAC PRO - 640GB,4/21/11,179.00
MC002,NVIDIA GEFORCE GT 120 512MB,3/3/09,134.00
MC003,Apple iPod shuffle USB Cable,3/30/15,19.00
MC007,APPLE 27-INCH LED CINEMA DISPLAY,9/17/10,949.00
MC016,8GB 1066MHz DDR3 (PC3-8500) - 2X4GB SO-DIMMs,6/11/12,200.00
MC243,4GB 1066MHZ DDR3 PC3-8500,6/11/12,100.00
MC293,IPOD CLASSIC 160G/SILVER,9/9/09,249.00
MC297,IPOD CLASSIC 160G/BLACK,9/9/09,249.00
MC2W4,iPhone 13 Clear Case with MagSafe,12/1/24,49.00
MC2Y4,iPhone 13 Silicone Case with MagSafe - Abyss Blue,12/1/24,49.00
MC309,"IMAC 21.5""/2.5QC/2X2GB/500GB/6750M",5/3/11,1149.00
MC359,IPAD 10W USB POWER ADAPTER,3/12/10,29.00
MC360,Apple iPad Dock (first generation),3/12/10,29.00
MC377,APPLE REMOTE,10/20/09,19.00
MC380,MAGIC TRACKPAD - USA,10/20/09,69.00
MC393,IPOD NANO ARMBAND,9/9/09,29.00
MC395,IPOD UNIVERSAL DOCK ADAPTER 3-PACK,9/9/09,9.00
MC414,AIRPORT EXPRESS BASE STATION,6/11/12,99.00
MC448,8GB 1066MHz DDR3 - 2x4GB,6/11/12,200.00
MC457,4GB 1066MHZ DDR3 - 2X2GB,6/11/12,100.00
MC461,Apple 60W MagSafe Power Adapter (for MacBook and 13-inch MacBook Pro),10/20/09,79.00
MC4A4,iPhone 13 Silicone Case with MagSafe - Midnight,12/1/24,49.00
MC4E4,iPhone 13 Silicone Case with MagSafe - (PRODUCT)RED,12/1/24,49.00
MC500,APPLE BATTERY CHARGER - USA,7/27/10,29.00
MC525,IPOD NANO 8G/SILVER,10/4/11,129.00
MC526,IPOD NANO 16G/SILVER,10/4/11,149.00
MC531,"Apple iPad Camera Connection Kit (inlcudes: 30-pin USB interface, and 30-pin SD card slot)",6/9/15,29.00
MC540,IPOD TOUCH 8G (4TH GEN),10/4/11,199.00
MC544,IPOD TOUCH 32G (4TH GEN) BLACK,9/12/12,249.00
MC547,IPOD TOUCH 64G (4TH GEN),9/1/11,399.00
MC557,8GB 1066MHZ DDR3 - 2X4GB,6/11/12,200.00
MC584,IPOD SHUFFLE 2G/SILVER,9/1/10,49.00
MC585,IPOD SHUFFLE 2G/PINK,9/1/10,49.00
MC644,4GB 1066MHZ DDR3 - 2X2GB,6/11/12,100.00
MC650,UNIVERSAL DOCK ADAPTER 3PK(4TH GEN),9/1/10,9.00
MC667,APPLECARE OS SUPPORT - SELECT-ZML,4/22/10,4796.00
MC684,APPLE MACBOOK AIR SUPERDRIVE,10/20/10,79.00
MC688,IPOD NANO 8G/GRAPHITE,10/4/11,129.00
MC689,IPOD NANO 8G/BLUE,10/4/11,129.00
MC690,IPOD NANO 8G/GREEN,10/4/11,129.00
MC691,IPOD NANO 8G/ORANGE,10/4/11,129.00
MC692,IPOD NANO 8G/PINK,10/4/11,129.00
MC693,IPOD NANO 8G/RED,10/4/11,129.00
MC694,IPOD NANO 16G/GRAPHITE,10/4/11,149.00
MC695,IPOD NANO 16G/BLUE,10/4/11,149.00
MC696,IPOD NANO 16G/GREEN,10/4/11,149.00
MC697,IPOD NANO 16G/ORANGE,10/4/11,149.00
MC698,IPOD NANO 16G/PINK,10/4/11,149.00
MC699,IPOD NANO 16G/RED,10/4/11,149.00
MC702,8GB 1333MHZ DDR3 (PC3-10600)-2X4GB,6/11/12,200.00
MC703,4GB 1333MHZ DDR3 (PC3-10600)-2X2GB,6/11/12,100.00
MC704,Apple USB Ethernet Adapter (supports 10/100BASE-T performance),3/30/15,29.00
MC726,1GB PC2-4200 DDR2-533 DIMM,6/11/12,50.00
MC727,2GB 1333MHZ DDR3 ECC SDRAM-1X2GB,6/11/12,75.00
MC728,4GB 1333MHZ DDR3 ECC SDRAM-1X4GB,6/11/12,150.00
MC742,ATI RADEON HD 5770 1GB,8/9/10,224.00
MC743,ATI RADEON HD 5870 1GB,11/12/10,404.00
MC746,APPLE UNIVERSAL DOCK,11/30/10,59.00
MC747,Apple 45W MagSafe Power Adapter (for MacBook Air),10/20/10,79.00
MC748,Apple Composite AV Cable (30-pin),6/9/15,39.00
MC749,IPOD SHUFFLE 2G/ORANGE,9/1/10,49.00
MC750,IPOD SHUFFLE 2G/GREEN,9/1/10,49.00
MC751,IPOD SHUFFLE 2G/BLUE,9/1/10,49.00
MC758,VOLUME VOUCHER 100 USD,3/7/12,100.00
MC759,VOLUME VOUCHER 500 USD,3/7/12,500.00
MC760,VOLUME VOUCHER 1000 USD,3/7/12,1000.00
MC761,VOLUME VOUCHER 5000 USD,3/7/12,5000.00
MC762,VOLUME VOUCHER 10000 USD,3/7/12,10000.00
MC772,APPLE VESA MOUNT ADAPTER,9/17/10,39.00
MC815,MAC MINI 2.3/2X1GB/500/AP/BT,7/20/11,579.00
MC816,MAC MINI 2.5/2X2GB/500/AP/BT,7/20/11,779.00
MC838,APPLE HDMI TO HDMI CABLE (1.8 M),10/20/10,19.00
MC850,8GB 1333MHz DDR3 ECC RDIMM SDRAM - 1x8GB,6/11/12,300.00
MC913,APPLE THUNDERBOLT CABLE (2.0M),4/26/11,49.00
MC914,APPLE THUNDERBOLT DISPLAY,7/20/11,949.00
MC936,MAC MINI 2.0/2X2GB/2X500/AP/BT,7/20/11,979.00
MC940,Apple iPad Dock (second generation),3/2/11,29.00
MC978,"IMAC 21.5""/3.1DC/1X2GB/250/6750M-256",8/8/11,999.00
MC9C4,Thunderbolt 5 (USB-C) Pro Cable (1 m),12/2/24,69.00
MD006,AppleCare Protection Plan Enrollment Kit - iMac,1/21/11,119.00
MD008,AppleCare Protection Plan Enrollment Kit - Mac Pro,1/21/11,199.00
MD010,AppleCare Protection Plan Enrollment Kit - Mac mini,10/16/14,79.00
MD012,"AppleCare Protection Plan Enrollment Kit - MacBook Pro (15"")",1/21/11,239.00
MD014,"AppleCare Protection Plan Enrollment Kit - MacBook / MacBook Air (11"" and 13"") / MacBook Pro (13"")",1/21/11,183.00
MD019,8GB 1333MHz DDR3 (PC3-10600) - 2x4GB,6/11/12,200.00
MD031,AIRPORT EXTREME 802.11N (5TH GEN),6/21/11,159.00
MD033,TIME CAPSULE 3TB (4TH GENERATION),6/21/11,479.00
MD057,IPOD TOUCH 8G (4TH GEN) WHITE,10/4/11,199.00
MD058,IPOD TOUCH 32G (4TH GEN) WHITE,9/12/12,249.00
MD059,IPOD TOUCH 64G (4TH GEN) WHITE,10/4/11,399.00
MD098,Apple 30-pin Digital AV Adapter,3/30/15,39.00
MD101,MacBook Pro 13.3/2.5/2X2GB/500GB/SD,5/30/13,999.00
MD102,MBP 13.3/2.9/2X4GB/750/SD,6/11/12,1399.00
MD103,MBP 15.4/2.3/2X2GB/500/SD/GLSY,6/11/12,1699.00
MD104,MBP 15.4/2.6/2X4GB/750/SD/GLSY,6/11/12,1999.00
MD179,derbolt Display,7/20/11,39.00
MD199,Apple TV (3rd generation),3/9/15,69.00
MD225,4GB 1333MHZ DDR3 (PC3-10600)-2X2GB,6/11/12,100.00
MD387,MAC MINI 2.5 DC/2X2G/500G/AP/BT,10/23/12,579.00
MD463,Thunderbolt to Gigabit Ethernet Adapter,3/30/15,29.00
MD464,Apple Thunderbolt to FireWire Adapter,6/9/15,29.00
MD504,Apple MagSafe to MagSafe 2 Converter,3/11/15,9.99
MD506,"Apple 85W MagSafe 2 Power Adapter (for MacBook Pro with Retina display) - Supports MacBook Pro (Retina, 15-inch, Mid 2012 - 2015)",6/11/12,79.00
MD564,APPLE USB SUPERDRIVE,3/30/15,79.00
MD565,"Apple 60W MagSafe 2 Power Adapter (MacBook Pro with 13-inch Retina display) - Supports MacBook Pro (Retina, 13-inch, Late 2012 - 2015)",10/23/12,79.00
MD592,"Apple 45W MagSafe 2 Power Adapter (for MacBook Air) - Supports MacBook Air (13-inch, Early 2015 - 2017), MacBook Air (11-inch, Early 2015)",6/11/12,79.00
MD633,8GB 1600MHz DDR3 (PC3-12800) - 2x4GB,6/11/12,200.00
MD773,IPOD SHUFFLE 2GB PINK,9/12/12,49.00
MD774,IPOD SHUFFLE 2GB YELLOW,9/12/12,49.00
MD775,IPOD SHUFFLE 2GB BLUE,9/12/12,49.00
MD776,IPOD SHUFFLE 2GB GREEN,9/12/12,49.00
MD777,IPOD SHUFFLE 2GB PURPLE,9/12/12,49.00
MD778,IPOD SHUFFLE 2GB SILVER,9/12/12,49.00
MD779,IPOD SHUFFLE 2GB SLATE,9/12/12,49.00
MD780,IPOD SHUFFLE 2GB RED,9/12/12,49.00
MD810,Apple 5W USB Power Adapter (charging cable sold separately),9/12/12,19.00
MD818,Lightning to USB Cable (1m),6/9/15,19.00
MD819,Lightning to USB Cable (2 m) (USB 2.0),6/9/15,29.00
MD820,Lightning to Micro USB Adapter,3/30/15,19.00
MD821,LIGHTNING TO USB CAMERA ADAPTER,6/9/15,29.00
MD822,LIGHTNING TO SD CARD CAMERA READER,6/9/15,29.00
MD823,LIGHTNING TO 30-PIN ADAPTER,6/9/15,29.00
MD824,LIGHTNING TO 30-PIN ADAPTER (0.2 M),6/9/15,39.00
MD825,LIGHTNING TO VGA ADAPTER,6/9/15,49.00
MD826,Lightning to Digital AV Adapter,3/11/15,49.00
MD829,IPOD TOUCH LOOP (WHITE/RED),4/17/14,9.00
MD836,Apple 12W USB Power Adapter (charging cable sold separately),10/23/12,19.00
MD837,Apple World Travel Adapter Kit,2/13/15,29.00
MD861,Apple Thunderbolt Cable (2.0 m) - White,5/19/15,39.00
MD862,Apple Thunderbolt Cable (0.5 m) - White,3/11/15,29.00
MD971,IPOD TOUCH LOOP (WHITE/BLACK),4/17/14,9.00
MD972,IPOD TOUCH LOOP (WHITE/PINK),4/17/14,9.00
MD973,IPOD TOUCH LOOP (WHITE/YELLOW),4/17/14,9.00
MD974,IPOD TOUCH LOOP (WHITE/BLUE),4/17/14,9.00
MDEJ4,Smart Folio for iPad (A16) - White,3/5/25,79.00
MDEN4,Smart Folio for iPad (A16) - Lemonade,3/5/25,79.00
MDEP4,Smart Folio for iPad (A16) - Watermelon,3/5/25,79.00
MDEQ4,Smart Folio for iPad (A16) - Sky,3/5/25,79.00
MDEW4,HomePod - Midnight,5/29/25,299.00
MDEY4,HomePod - White,5/29/25,299.00
MDFV4,Magic Keyboard for iPad Air 11-inch (M3) - Spanish (Latin America) - White,3/5/25,249.00
MDFW4,Magic Keyboard for iPad Air 13-inch (M3) - Spanish (Latin America) - White,3/5/25,299.00
MDGA4,Beats USB-C to USB-C Woven Cable (1.5 m) - Bolt Black,5/29/25,18.99
MDGC4,Beats USB-C to USB-C Woven Cables (1.5 m) - Bolt Black (2-Pack),5/29/25,34.99
MDGD4,Beats USB-C to USB-C Woven Cable (1.5 m) - Surge Stone,5/29/25,18.99
MDGE4,Beats USB-C to USB-C Woven Cable (1.5 m) - Nitro Navy,5/29/25,18.99
MDGF4,Beats USB-C to USB-C Woven Cable (1.5 m) - Rapid Red,5/29/25,18.99
MDGG4,Beats USB-A to USB-C Woven Cable (1.5 m) - Bolt Black,5/29/25,18.99
MDGH4,Beats USB-A to USB-C Woven Cables (1.5 m) - Bolt Black (2-Pack),5/29/25,34.99
MDGJ4,Beats USB-A to USB-C Woven Cable (1.5 m) - Surge Stone,5/29/25,18.99
MDGK4,Beats USB-C to Lightning Woven Cable (1.5 m) - Bolt Black,5/29/25,18.99
MDGL4,Beats USB-C to Lightning Woven Cable (1.5 m) - Surge Stone,5/29/25,18.99
MDV84,USB-C to 3.5 mm Audio Cable (1.2 m),5/29/25,39.00
MDW94,Thunderbolt 5 (USB-C) Pro Cable (1 m),7/8/25,69.00
ME182,AirPort Time Capsule (802.11ac) - 3TB,6/10/13,379.00
ME291,Lightning to USB Cable (0.5 m) (USB 2.0),6/9/15,19.00
ME699,"IMAC 21.5""/3.3DC/2X2GB/500GB/HD4000",3/5/13,1099.00
ME918,AirPort Extreme (802.11ac),6/10/13,179.00
ME949,IPOD SHUFFLE 2GB SPACE GRAY,9/10/13,49.00
MEQ94,Beats USB-C to USB-C Woven Short Cable (20 cm) - Bolt Black,5/29/25,18.99
MEQL4,Beats USB-A to USB-C Woven Short Cable (20 cm) - Bolt Black,5/29/25,18.99
MEQM4,Beats USB-C to Lightning Woven Short Cable (20 cm) - Bolt Black,5/29/25,18.99
MF030,Apple iPhone 5s Dock,9/10/13,29.00
MF031,Apple iPhone 5c Dock,9/10/13,29.00
MF621,Apple Memory Module: 8GB 1866MHz DDR3 ECC SDRAM DIMM - 1x8GB,12/19/13,200.00
MF623,Apple Memory Module: 4GB 1866MHz DDR3 ECC SDRAM DIMM - 1x4GB,12/19/13,100.00
MF631,iPod touch loop - Space Gray,4/17/14,9.00
MF639,APPLE THUNDERBOLT CABLE (2.0 M) - BLACK,6/9/15,39.00
MF640,APPLE THUNDERBOLT CABLE (0.5 M) - BLACK,6/9/15,29.00
MF858,Apple Mac Pro Lock Adapter (for Mac Pro (Late 2013)),7/1/14,39.00
MF883,"IMAC 21.5""/1.4DC/8GB/500GB/INTELHD/WLMKB",6/18/14,1049.00
MF886,"iMac with Retina 5K display 27""/3.5QC/8G",10/16/14,2299.00
MFEH4,Beats USB-C to Lightning Woven Cable (1.5 m) - Rapid Red,5/29/25,18.99
MFEJ4,Beats USB-A to USB-C Woven Cable (1.5 m) - Rapid Red,5/29/25,18.99
MGD74,MagSafe Charger (1 m),10/16/25,39.00
MGDM4,MagSafe Charger (2 m),10/16/25,49.00
MGEM2,Mac mini/1.4GHZ/4GB/500GB hard drive,10/16/14,479.00
MGKN4,40W Dynamic Power Adapter with 60W Max,10/16/25,39.00
MGN03,Apple 12W USB Power Adapter (charging cable sold separately),9/15/20,19.00
MGRM2,iPhone Lightning Dock - White,5/19/15,39.00
MGYX4,Magic Keyboard for iPad Air 11-inch (M3) - Spanish (Latin America) - Black,10/16/25,249.00
MGYY4,Magic Keyboard for iPad Air 13-inch (M3) - Spanish (Latin America) - Black,10/16/25,299.00
MHDT2,Beats by Dr. Dre Pill Sleeve - Black,9/1/14,34.95
MHDU2,Beats by Dr. Dre Pill Sleeve - Red,9/1/14,34.95
MHDV2,Beats by Dr. Dre RemoteTalk Cable,9/26/14,29.95
MHDW2,Beats by Dr. Dre Charger - Black,10/1/14,29.95
MHE12,Beats by Dr. Dre Audio Cable,9/1/14,19.95
MHE42,Beats by Dr. Dre Pill Dude - Black,9/1/14,49.95
MHE52,Beats by Dr. Dre Pill Dude - White,9/1/14,49.95
MHE62,Beats by Dr. Dre Pill Dude - Red,9/1/14,49.95
MHEA2,Beats by Dr. Dre Pill Sleeve - Blue,9/26/14,34.95
MHEC2,Beats by Dr. Dre Pill Dude - Blue,9/26/14,49.95
MHED2,Beats by Dr. Dre Pill Dude - Pink,9/1/14,49.95
MHJA3,Apple 20W USB-C Power Adapter (charging cable sold separately),10/13/20,19.00
MHXF3,MagSafe Duo Charger (with 1m USB-C to Lightning Cable (USB-C power adapter sold separately)),11/6/20,129.00
MHXH3,Apple MagSafe Charger (with 1m USB-C integrated cable) (20W USB-C Power adapter sold separately),10/13/20,39.00
MICRO,Lightning to USB Adapter,3/30/15,19.00
MJ1K2,USB-C Digital AV Multiport Adapter,10/27/16,69.00
MJ1L2,USB-C VGA Multiport Adapter,10/27/16,69.00
MJ1M2,USB-C to USB Adapter,4/10/15,19.00
MJ262,Apple 29W USB-C Power Adapter,4/10/15,49.00
MJ2C3,HomePod mini - Blue,10/18/21,99.00
MJ2D3,HomePod mini - Orange,10/18/21,99.00
MJ2E3,HomePod mini - Yellow,10/18/21,99.00
MJ2R2,Apple Magic Trackpad 2 - Silver,10/13/15,129.00
MJFM3,"Siri Remote (2nd generation) (compatible with Apple TV 4K 1st and 2nd generation, and Apple TV HD)",4/20/21,59.00
MJVU2,Apple HDMI to DVI Adapter,10/16/14,29.00
MJVX2,Apple Watch Magnetic Charging Cable (2m),4/27/17,39.00
MJWT2,USB-C Charge Cable (2m),4/10/15,29.00
MJWY3,MagSafe Battery Pack,7/13/21,99.00
MJYT2,Lightning to SD Card Camera Reader,12/8/15,29.00
MK0C2,"Apple Pencil (1st generation) (compatible with iPad (9th | 8th | 7th | 6th gen), iPad Pro 9.7-inch, iPad Pro 10.5-inch, iPad Pro 12.9-inch (1st | 2nd gen), iPad Air 3rd gen), iPad mini (5th gen))",3/27/18,89.00
MK0W2,Lightning to USB 3 Camera Adapter,3/21/16,39.00
MK0X2,Lightning to USB-C Cable (1 m),3/21/16,25.00
MK122,Power Adapter Extension Cable (1.8 m),4/10/15,19.00
MK293,Magic Keyboard with Touch ID for Mac computers with Apple silicon - Spanish (Latin American),3/8/22,149.00
MK2A3,Magic Keyboard - Spanish (Latin American),3/8/22,99.00
MK2C3,Magic Keyboard with Touch ID and Numeric Keypad for Mac computers with Apple silicon - Spanish (Latin American),3/8/22,179.00
MK2D3,Magic Trackpad,8/3/21,129.00
MK2E3,Magic Mouse,8/3/21,79.00
MKJ22,GB (PRODUCT)RED,7/15/15,249.00
MKLG2,Apple Watch Magnetic Charging Cable (1m),4/27/17,29.00
MKM72,iPod shuffle 2GB Pink,7/15/15,49.00
MKM92,iPod shuffle 2GB Gold,7/15/15,49.00
MKME2,iPod shuffle 2GB Blue,7/15/15,49.00
MKMG2,iPod shuffle 2GB Silver,7/15/15,49.00
MKMJ2,iPod shuffle 2GB Space Gray,7/15/15,49.00
MKQ42,to Lightning Cable (2,3/21/16,35.00
MKU63,67W USB-C Power Adapter (charging cable sold separately),10/18/21,59.00
ML8E3,erbolt 3 Pro Cable (,6/21/21,129.00
ML8H2,iPhone Lightning Dock - Space Gray,9/9/15,49.00
ML8J2,iPhone Lightning Dock - Silver,9/9/15,49.00
ML8K2,iPhone Lightning Dock - Gold,9/9/15,49.00
ML8L2,iPhone Lightning Dock - Rose Gold,9/9/15,49.00
MLA02,Apple Magic Mouse 2 - Silver,10/13/15,79.00
MLA22,Magic Keyboard - Chinese - Traditional Chinese (Cangjie & Zhuyin),6/5/17,99.00
MLDW2,Apple Watch Magnetic Charging Dock,4/27/17,79.00
MLFQ2,Remote Loop (for Apple TV 4th generation),10/26/15,12.99
MLL82,USB-C Charge Cable (2m),10/27/16,19.00
MLLA2,Apple Watch Magnetic Charging Cable (.3m),4/27/17,29.00
MLLC2,Siri Remote (for Apple TV 4th generation),10/26/15,79.00
MLUN2,Apple Pencil Tips - 4 Pack,3/21/16,19.00
MLWJ3,Apple Watch Magnetic Fast Charger to USB-C Cable (1 m),9/14/21,29.00
MLYU3,140W USB-C Power Adapter (charging cable sold separately),10/18/21,99.00
MLYV3,USB-C to Magsafe 3 Cable (2 m),10/18/21,49.00
MM093,USB-C Charge Cable (1m),7/13/21,19.00
MM0A3,USB-C to Lightning Cable (1 m),10/18/21,19.00
MM4T2,Apple Remote,2/22/16,19.00
MM6F3,Polishing Cloth,10/18/21,19.00
MMEL2,Apple Thunderbolt 3 (USB-C) to Thunderbolt 2 Adapter,10/27/16,49.00
MMMP3,Magic Trackpad - Black Multi-Touch Surface,3/8/22,149.00
MMMQ3,Magic Mouse - Black Multi-Touch Surface,3/8/22,99.00
MMMR3,Magic Keyboard with Touch ID and Numeric Keypad for Mac models with Apple silicon - Black Keys - Spanish (Latin American),3/8/22,199.00
MMX62,Lightning to 3.5 mm Headphone Jack Adapter,9/7/16,9.00
MN713,Apple Thunderbolt 4 Pro Cable (1.8 m),3/8/22,129.00
MNC73,Siri Remote,10/18/22,59.00
MNF72,Apple 61W USB-C Power Adapter,10/27/16,69.00
MNF82,Apple 87W USB-C Power Adapter,10/27/16,79.00
MNKT2,Smart Keyboard for 12.9-inch iPad Pro - Traditional Chinese (Cangjie & Zhuyin),3/27/18,169.00
MNN62,iPhone Lightning Dock - Black,9/7/16,49.00
MNWM3,35W Dual USB-C Port Compact Power Adapter (charging cable sold separately),6/6/22,59.00
MNWP3,35W Dual USB-C Port Power Adapter (charging cable sold separately),6/6/22,59.00
MPQL2,Apple Pencil Case - Taupe,6/5/17,29.00
MQ052,Magic Keyboard with Numeric Keypad - Traditional Chinese (Cangjie & Zhuyin) - Silver,6/5/17,129.00
MQ0V2,Apple Pencil Case - Saddle Brown,6/5/17,29.00
MQ0W2,Apple Pencil Case - Midnight Blue,6/5/17,29.00
MQ0X2,Apple Pencil Case - Black,6/5/17,29.00
MQ4H2,Apple Thunderbolt 3 (USB-C) Cable (0.8 m),12/14/17,39.00
MQGD2,Siri Remote,9/18/17,59.00
MQGH2,USB-C to Lightning Cable (2 m),9/14/21,29.00
MQGJ2,Lightning to USB-C Cable (1 m),4/23/18,19.00
MQHV2,HomePod - White,4/15/20,299.00
MQHW2,HomePod - Space Gray,4/15/20,299.00
MQHX2,iPhone Lightning Dock – Gold,9/12/17,49.00
MQJ73,HomePod - Midnight,1/17/23,299.00
MQJ83,HomePod - White,1/17/23,299.00
MQKJ3,USB-C Woven Charge Cable (1m),10/18/22,19.00
MQLN3,70W USB-C Power Adapter (charging cable sold separately),6/5/23,59.00
MQLU3,USB-C to Apple Pencil (1st Generation) Adapter,10/18/22,9.00
MQLY3,Apple Pencil (1st Generation),10/18/22,89.00
MQUE2,Lightning to USB Cable (1 m) (USB 2.0),4/23/18,19.00
MR2A2,Apple 30W USB-C Power Adapter (charging cable sold separately),6/4/18,49.00
MR2C2,Lightning to 3.5 mm Audio Cable (1.2m) - Black,10/15/19,35.00
MR3A3,Apple 4TB SSD Upgrade Kit for Mac Pro (2023),6/5/23,1600.00
MR3C2,VESA Mount Adapter Kit for iMac Pro - Space Gray,12/14/17,79.00
MR3C3,Apple 8TB SSD Upgrade Kit for Mac Pro (2023),6/5/23,2800.00
MR552,Apple Pencil Case - (PRODUCT)RED,9/12/17,29.00
MR622,iPhone SE Leather Case - (PRODUCT)RED,9/12/17,39.00
MR632,"iPad Smart Cover - (PRODUCT)RED (compatible with iPad (6th gen), iPad (5th gen), iPad Air 2 and 9.7-inch iPad Air (1st gen))",9/12/17,39.00
MR9P2,Beddit 3 Sleep Monitor,12/4/17,149.95
MRFN2,Apple Pencil Case - Electric Blue,3/27/18,29.00
MRFP2,Apple Pencil Case – Soft Pink,3/27/18,29.00
MRME2,Magic Mouse 2 - Space Gray,3/27/18,99.00
MRMF2,Apple Magic Trackpad 2 - Space Gray,3/27/18,149.00
MRMH2,Magic Keyboard with Numeric Keypad - Traditional Chinese (Cangjie & Zhuyin) - Space Gray,3/27/18,149.00
MRQN2,z dual-core 7th generation In,10/30/18,1249.00
MRQP2,z dual-core 7th generation In,10/30/18,1549.00
MRW22,Apple 61W USB-C Power Adapter (charging cable sold separately),10/30/18,69.00
MT0H3,Apple Watch Magnetic Fast Charger to USB-C Cable (1 m),9/12/23,29.00
MTJT3,HomePod mini - Midnight,8/14/24,99.00
MTMT2,article Beige Ni,9/12/18,49.00
MTP22,article Beige Ni,9/12/18,49.00
MU2G3,240W USB-C Charge Cable (2 m),9/12/23,29.00
MU7E2,mm Headphone Jac,10/30/18,9.00
MU7T2,Apple 18W USB-C Power Adapter (charging cable sold separately),12/5/18,29.00
MU883,Thunderbolt 4 (USB-C) Pro Cable (1 m),9/12/23,69.00
MU8F2,"Apple Pencil (2nd generation) (compatible with iPad Pro 11-inch (1st | 2nd | 3rd gen), iPad Pro 12.9-inch (3rd | 4th | 5th gen), iPad mini (6th gen), iPad Air (4th gen))",10/30/18,119.00
MU9F2,Apple Watch Magnetic Charging Dock,9/27/18,79.00
MU9G2,Apple Watch Magnetic Charging Cable (1 m),9/27/18,29.00
MU9H2,Apple Watch Magnetic Charging Cable (2 m),9/27/18,39.00
MU9J2,Apple Watch Magnetic Charging Cable (0.3 m),9/27/18,29.00
MU9K2,Apple Watch Magnetic Charger to USB-C Cable (0.3 m),10/19/18,29.00
MUF72,USB-C Charge Cable (1 m),10/30/18,19.00
MUF82,USB-C Digital AV Multiport Adapter,8/8/19,69.00
MUFG2,USB-C to SD Card Reader,10/30/18,39.00
MUFM2,Beddit Sleep Monitor,12/7/18,149.95
MUQ93,USB-C to Lightning Cable (1m),3/4/24,19.00
MUQW3,Lightning to USB Cable (1m),3/4/24,19.00
MUQX3,USB-C to Lightning Adapter,9/12/23,29.00
MUWA3,Apple Pencil (USB-C),10/17/23,69.00
MW2G3,30W USB-C Power Adapter,3/4/24,39.00
MW2H3,35W Dual USB-C Port Compact Power Adapter,5/7/24,59.00
MW2K3,35W Dual USB-C Port Power Adapter,3/4/24,59.00
MW2L3,96W USB-C Power Adapter,5/7/24,79.00
MW2M3,140W USB-C Power Adapter,5/7/24,99.00
MW2N3,Power Adapter Extension Cable,12/1/24,19.00
MW2P3,Lightning to Digital AV Adapter,8/14/24,49.00
MW2Q3,USB-C to 3.5 mm Headphone Jack Adapter,8/14/24,9.00
MW2R3,USB-C to Lightning Cable (2 m),8/14/24,29.00
MW493,60W USB-C Charge Cable (1m),3/5/25,19.00
MW4T3,iPhone 14 Plus Clear Case with MagSafe,8/14/24,49.00
MW4Y3,iPhone 14 Plus Silicone Case with MagSafe - Midnight,8/14/24,49.00
MW503,iPhone 14 Plus Silicone Case with MagSafe - Storm Blue,8/14/24,49.00
MW513,iPhone 14 Plus Silicone Case with MagSafe - (PRODUCT)RED,8/14/24,49.00
MW523,iPhone 14 Plus Silicone Case with MagSafe - Chalk Pink,8/14/24,49.00
MW5G3,Siri Remote,8/14/24,59.00
MW5H3,Thunderbolt 4 (USB-C) Pro Cable (3 m),8/14/24,159.00
MW5J3,Thunderbolt 4 (USB-C) Pro Cable (1.8 m),5/7/24,129.00
MW5L3,USB-C to USB Adapter,8/14/24,19.00
MW5M3,USB-C Digital AV Multiport Adapter,8/14/24,69.00
MW5Q3,iPhone 14 Clear Case with MagSafe,8/14/24,49.00
MW5R3,iPhone 14 Silicone Case with MagSafe - Midnight,8/14/24,49.00
MW5T3,iPhone 14 Silicone Case with MagSafe - Storm Blue,8/14/24,49.00
MW5U3,iPhone 14 Silicone Case with MagSafe - (PRODUCT)RED,8/14/24,49.00
MW5V3,iPhone 14 Silicone Case with MagSafe - Chalk Pink,8/14/24,49.00
MW613,USB-C to MagSafe 3 Cable (2m) - Silver,12/1/24,49.00
MW653,USB-C to SD Card Reader,8/14/24,39.00
MW682,Apple Afterburner Card (for Mac Pro (2019),12/10/19,1800.00
MW693,Polishing Cloth,5/7/24,19.00
MW6A3,Apple Watch Magnetic Charging Cable (1 m),3/5/25,29.00
MWML3,USB-C to Apple Pencil Adapter,5/7/24,9.00
MWN13,ackaged in a 5-Pack),5/7/24,9.00
MWN23,13-inch iPad Air,5/7/24,9.00
MWP02,Apple Thunderbolt 4 Pro Cable (3 m),3/8/22,159.00
MWP32,Apple Thunderbolt 3 (USB-C) Pro Cable (2 m),6/22/20,129.00
MWR03,Magic Keyboard for iPad Pro 11-inch (M4) - Spanish (Latin America) - White,5/7/24,279.00
MWR23,Magic Keyboard for iPad Pro 11-inch (M4) - Spanish (Latin America) - Black,5/7/24,279.00
MWR43,Magic Keyboard for iPad Pro 13-inch (M4) - Spanish (Latin America) - White,5/7/24,329.00
MWR53,Magic Keyboard for iPad Pro 13-inch (M4) - Spanish (Latin America) - Black,5/7/24,329.00
MWU53,Earpods (3.5mm Headphone Plug),8/14/24,19.00
MWVV3,20W USB-C Power Adapter,8/14/24,19.00
MX0J2,Apple 96W USB-C Power Adapter (charging cable sold separately),11/13/19,79.00
MX0K2,USB-C to Lightning Cable (1 m),11/13/19,19.00
MX2D3,Apple Pencil Pro,5/7/24,119.00
MX2E2,Apple Watch Magnetic Charging Cable (1 m),9/10/19,29.00
MX2F2,Apple Watch Magnetic Charging Cable (2 m),9/10/19,39.00
MX2G2,Apple Watch Magnetic Charging Cable (0.3m),9/10/19,29.00
MX2H2,Apple Watch Magnetic Charger to USB-C Cable (1 m),9/10/19,29.00
MX2J2,Apple Watch Magnetic Charger to USB-C Cable (0.3 m),9/10/19,29.00
MX532,AirTag (1 Pack),5/7/24,29.00
MX542,AirTag (4 Pack),5/7/24,99.00
MX572,Apple Mac Pro Wheels Kit (for Mac Pro (2019),4/15/20,629.00
MX5J3,Lightning to USB 3 Camera Adapter,8/14/24,39.00
MX5M3,VESA Mount Adapter for Mac Pro Display,3/5/25,179.00
MX5N3,Pro Stand,3/5/25,899.00
MX6X3,MagSafe Charger (1 m),9/20/24,39.00
MX6Y3,MagSafe Charger (2 m),9/20/24,49.00
MX763,Apple Pencil Tips - 4 pack,12/1/24,19.00
MXCJ3,Magic Keyboard with Numeric Keypad - Traditional Chinese (Cangjie & Zhuyin) - Silver,3/5/25,129.00
MXCK3,Magic Keyboard with Touch ID for Mac models with Apple silicon (USB–C) - Spanish (Latin American),12/2/24,149.00
MXCL3,Magic Keyboard (USB–C) - Spanish (Latin American),12/2/24,99.00
MXK22,Lightning to 3.5 mm Audio Cable (1.2m) - White,12/8/20,35.00
MXK53,Magic Mouse - White Multi-Touch Surface,12/2/24,79.00
MXK63,Magic Mouse - Black Multi-Touch Surface,12/2/24,99.00
MXK73,Magic Keyboard with Touch ID and Numeric Keypad for Mac models with Apple silicon - Spanish (Latin American) - White Keys,12/2/24,179.00
MXK83,Magic Keyboard with Touch ID and Numeric Keypad for Mac models with Apple silicon - Spanish (Latin American) - Black Keys,12/2/24,199.00
MXK93,Magic Trackpad - White Multi-Touch Surface,12/2/24,129.00
MXKA3,Magic Trackpad - Black Multi-Touch Surface,12/2/24,149.00
MXLY2,Lightning to USB Cable (1 m) (USB 2.0),11/13/19,19.00
MXN43,Apple Pencil (2nd Generation),3/5/25,119.00
MXN53,70W USB-C Power Adapter,8/14/24,59.00
MXNM2,Apple Mac Pro Feet Kit (for Mac Pro (2019),4/15/20,269.00
MXNQ2,4TB SSD Kit for Mac Pro (2019),6/15/20,1600.00
MXNR2,8TB SSD Kit for Mac Pro (2019),6/15/20,2800.00
MXP63,LL/A AirPo,9/20/24,129.00
MXPD3,iPhone 15 Silicone Case with MagSafe - Black,8/14/24,49.00
MXPF3,iPhone 15 Silicone Case with MagSafe - Storm Blue,8/14/24,49.00
MXPG3,iPhone 15 Silicone Case with MagSafe - Clay,8/14/24,49.00
MXPH3,iPhone 15 Silicone Case with MagSafe - Light Pink,8/14/24,49.00
MXQR3,iPhone 15 Plus Silicone Case with MagSafe - Black,8/14/24,49.00
MXQT3,iPhone 15 Plus Silicone Case with MagSafe - Storm Blue,8/14/24,49.00
MXQU3,iPhone 15 Plus Silicone Case with MagSafe - Clay,8/14/24,49.00
MXQV3,iPhone 15 Plus Silicone Case with MagSafe - Light Pink,8/14/24,49.00
MXRK3,iPhone 15 Clear Case with MagSafe,8/14/24,49.00
MXRL3,iPhone 15 Plus Clear Case with MagSafe,8/14/24,49.00
MXTF2,"Smart Cover for iPad (8th generation) - Surf Blue (also compatible with 10.2-inch iPad 7th gen, 10.5-inch iPad Pro, 10.5-inch iPad Air 3rd gen)",3/18/20,49.00
MY1W2,Apple 30W USB-C Power Adapter (charging cable sold separately),8/4/20,49.00
MY5G2,HomePod mini - Space Gray,10/13/20,99.00
MY5H2,HomePod mini - White,10/13/20,99.00
MYH83,Apple 85W MagSafe 2 Power Adapter (for MacBook Pro with Retina display),12/1/24,79.00
MYH93,Thunderbolt 3 (USB-C) to Thunderbolt 2 Adapter,8/14/24,49.00
MYQT3,240W USB-C Charge Cable (2 m),8/14/24,29.00
MYQW3,Apple Pencil (1st Generation),3/5/25,89.00
